"displayname","mothercount","postmonth","postyear"
"Advicer","4","1","2012"
"Advicer","8","2","2012"
"Advicer","11","3","2012"
"Advicer","5","4","2012"
"Ahmad","5","10","2015"
"Ahmad","3","11","2015"
"Ahmad","6","12","2015"
"Ahmad","6","1","2016"
"Ahmad","6","2","2016"
"AidanO","7","4","2012"
"AidanO","4","5","2012"
"AidanO","3","6","2012"
"A J","4","3","2016"
"A J","10","4","2016"
"A J","7","5","2016"
"A J","6","6","2016"
"A J","10","7","2016"
"A J","7","8","2016"
"Andrei Freeman","5","1","2012"
"Andrei Freeman","12","2","2012"
"Andrei Freeman","3","3","2012"
"Andrei Freeman","3","4","2012"
"Andrei Freeman","13","5","2012"
"Andrei Freeman","5","6","2012"
"Andrew Latham","3","12","2013"
"Andrew Latham","3","1","2014"
"Andrew Latham","3","2","2014"
"Andrew Martin","3","2","2014"
"Andrew Martin","126","3","2014"
"Andrew Martin","30","4","2014"
"Andrew Martin","31","5","2014"
"Andrew Martin","20","6","2014"
"Andrew Martin","14","7","2014"
"Andrew Martin","8","8","2014"
"Andrew Martin","66","11","2014"
"Andrew Martin","23","12","2014"
"Andrew Martin","3","1","2015"
"Andrew Martin","28","2","2015"
"Andrew Martin","6","1","2016"
"Andrew Martin","111","2","2016"
"Andrew Martin","31","3","2016"
"Andrew Martin","7","4","2016"
"Andrew Thompson","7","6","2014"
"Andrew Thompson","7","7","2014"
"Andrew Thompson","7","8","2014"
"Andrew Thompson","5","9","2014"
"Ankit","8","4","2013"
"Ankit","9","5","2013"
"Ankit","3","6","2013"
"Ankit","11","7","2014"
"Ankit","20","8","2014"
"Ankit","19","9","2014"
"Ankit","13","10","2014"
"Ankit","20","11","2014"
"Ankit","3","12","2014"
"Ankit","8","4","2015"
"Ankit","4","5","2015"
"Ankit","4","6","2015"
"Ankit","6","7","2015"
"Ankit","6","8","2015"
"Ankit","9","9","2015"
"Ankit","7","10","2015"
"Ankit Sharma","9","4","2012"
"Ankit Sharma","15","5","2012"
"Ankit Sharma","4","6","2012"
"Ankit Sharma","6","7","2012"
"Ankit Sharma","7","8","2012"
"Ankit Sharma","7","9","2012"
"Ankit Sharma","5","10","2012"
"Ankit Sharma","48","11","2012"
"Ankit Sharma","41","12","2012"
"Ankit Sharma","53","1","2013"
"Ankit Sharma","68","2","2013"
"Ankit Sharma","44","3","2013"
"Ankit Sharma","11","4","2013"
"Ankit Sharma","10","5","2013"
"Ankit Sharma","13","6","2013"
"Ankit Sharma","15","7","2013"
"Ankit Sharma","15","8","2013"
"Ankit Sharma","39","9","2013"
"Ankit Sharma","36","10","2013"
"Ankit Sharma","20","11","2013"
"Ankit Sharma","15","12","2013"
"Ankit Sharma","18","1","2014"
"Ankit Sharma","3","2","2014"
"Ankit Sharma","4","3","2014"
"Ankit Sharma","5","4","2014"
"Ankit Sharma","15","5","2014"
"Ankit Sharma","4","6","2014"
"Ankit Sharma","3","7","2014"
"Ankit Sharma","5","8","2014"
"Ankit Sharma","6","9","2014"
"Ankit Sharma","4","10","2014"
"Ankit Sharma","3","11","2014"
"Ankit Sharma","8","12","2014"
"Ankit Sharma","8","1","2015"
"Ankit Sharma","17","2","2015"
"Ankit Sharma","11","3","2015"
"Ankit Sharma","6","4","2015"
"Ankit Sharma","7","5","2015"
"Ankit Sharma","7","6","2015"
"Ankit Sharma","6","7","2015"
"Ankit Sharma","8","8","2015"
"Ankit Sharma","9","9","2015"
"Ankit Sharma","12","10","2015"
"Ankit Sharma","22","2","2016"
"Ankit Sharma","24","3","2016"
"Ankit Sharma","20","4","2016"
"Ankit Sharma","30","5","2016"
"Ankit Sharma","63","6","2016"
"Ankit Sharma","22","7","2016"
"Ankit Sharma","34","8","2016"
"ArturBalestro","4","12","2013"
"ArturBalestro","5","1","2014"
"ArturBalestro","4","2","2014"
"AtanuCSE","3","8","2014"
"AtanuCSE","3","9","2014"
"AtanuCSE","3","10","2014"
"AtanuCSE","3","11","2014"
"AtanuCSE","5","10","2015"
"AtanuCSE","3","11","2015"
"AtanuCSE","3","12","2015"
"atticae","3","3","2014"
"atticae","4","4","2014"
"atticae","21","5","2014"
"atticae","16","6","2014"
"atticae","3","11","2014"
"atticae","5","12","2014"
"atticae","4","1","2015"
"atticae","7","2","2015"
"atticae","4","3","2015"
"Barry Hammer","10","12","2011"
"Barry Hammer","9","1","2012"
"Barry Hammer","5","2","2012"
"BCdotWEB","5","2","2015"
"BCdotWEB","12","3","2015"
"BCdotWEB","4","4","2015"
"BCdotWEB","7","5","2015"
"BCdotWEB","6","6","2015"
"BCdotWEB","5","8","2015"
"BCdotWEB","4","9","2015"
"BCdotWEB","3","10","2015"
"BCdotWEB","4","11","2015"
"BCdotWEB","5","12","2015"
"BCdotWEB","14","1","2016"
"BCdotWEB","5","2","2016"
"BCdotWEB","8","3","2016"
"BCdotWEB","6","4","2016"
"BCdotWEB","5","5","2016"
"BCdotWEB","19","6","2016"
"BCdotWEB","9","7","2016"
"BCdotWEB","4","8","2016"
"BCdotWEB","3","9","2016"
"bobbyalex","3","9","2014"
"bobbyalex","5","10","2014"
"bobbyalex","4","11","2014"
"bobbyalex","3","12","2014"
"Bon Gart","3","6","2013"
"Bon Gart","10","7","2013"
"Bon Gart","8","8","2013"
"Bon Gart","6","9","2013"
"BrettFromLA","3","2","2014"
"BrettFromLA","5","3","2014"
"BrettFromLA","5","4","2014"
"BrettFromLA","5","5","2014"
"BrettFromLA","5","6","2014"
"BrettFromLA","6","7","2014"
"BrettFromLA","8","10","2014"
"BrettFromLA","7","11","2014"
"BrettFromLA","6","12","2014"
"BrettFromLA","5","1","2015"
"BrettFromLA","4","2","2015"
"BrettFromLA","4","4","2015"
"BrettFromLA","6","5","2015"
"BrettFromLA","3","6","2015"
"BrettFromLA","3","7","2015"
"Cascabel","4","2","2016"
"Cascabel","9","3","2016"
"Cascabel","7","4","2016"
"Catija","4","1","2015"
"Catija","16","2","2015"
"Catija","15","3","2015"
"Catija","4","4","2015"
"Catija","17","5","2015"
"Catija","17","6","2015"
"Catija","10","7","2015"
"Catija","12","8","2015"
"Catija","10","9","2015"
"Catija","5","10","2015"
"Catija","8","11","2015"
"Catija","4","12","2015"
"Catija","4","1","2016"
"Catija","6","2","2016"
"Catija","18","3","2016"
"Catija","4","4","2016"
"Catija","4","5","2016"
"Catija","8","6","2016"
"cde","28","8","2015"
"cde","48","9","2015"
"cde","42","10","2015"
"cde","65","11","2015"
"cde","32","12","2015"
"cde","32","1","2016"
"cde","67","2","2016"
"cde","45","3","2016"
"cde","44","4","2016"
"cde","57","5","2016"
"cde","52","6","2016"
"cde","29","7","2016"
"cde","31","8","2016"
"cde","4","9","2016"
"CGCampbell","12","5","2014"
"CGCampbell","12","6","2014"
"CGCampbell","7","7","2014"
"CGCampbell","6","8","2014"
"CGCampbell","6","9","2014"
"CGCampbell","7","10","2014"
"CGCampbell","12","11","2014"
"chaitanya89","5","5","2014"
"chaitanya89","4","6","2014"
"chaitanya89","5","7","2014"
"chaitanya89","7","8","2014"
"chaitanya89","5","10","2014"
"chaitanya89","5","11","2014"
"chaitanya89","4","12","2014"
"chaitanya89","5","1","2015"
"chaitanya89","7","2","2015"
"chaitanya89","11","3","2015"
"chaitanya89","3","4","2015"
"chaitanya89","5","5","2015"
"Chanandler Bong","19","3","2015"
"Chanandler Bong","11","4","2015"
"Chanandler Bong","4","5","2015"
"Chanandler Bong","5","6","2015"
"Chanandler Bong","14","7","2015"
"Chanandler Bong","9","8","2015"
"Chanandler Bong","6","2","2016"
"Chanandler Bong","10","3","2016"
"Chanandler Bong","7","4","2016"
"Chanandler Bong","7","5","2016"
"Chanandler Bong","6","6","2016"
"Chanandler Bong","3","7","2016"
"Chanandler Bong","8","8","2016"
"chcuk","5","5","2012"
"chcuk","3","6","2012"
"chcuk","4","7","2012"
"Chenmunka","4","1","2015"
"Chenmunka","7","2","2015"
"Chenmunka","5","3","2015"
"Chenmunka","4","4","2015"
"Chenmunka","3","5","2015"
"Chenmunka","3","6","2015"
"Chenmunka","7","7","2015"
"Chenmunka","4","8","2015"
"Chenmunka","5","9","2015"
"Chenmunka","3","10","2015"
"Chenmunka","3","11","2015"
"Chenmunka","3","12","2015"
"Chenmunka","3","1","2016"
"coleopterist","4","12","2012"
"coleopterist","4","1","2013"
"coleopterist","5","2","2013"
"coleopterist","9","3","2013"
"coleopterist","7","4","2013"
"coleopterist","7","6","2013"
"coleopterist","19","7","2013"
"coleopterist","14","8","2013"
"coleopterist","67","9","2013"
"coleopterist","64","10","2013"
"coleopterist","73","11","2013"
"coleopterist","83","12","2013"
"Community","6","8","2012"
"Community","63","9","2012"
"Community","9","10","2012"
"Community","56","11","2012"
"Community","58","12","2012"
"Community","21","1","2013"
"Community","3","5","2013"
"Community","3","6","2013"
"Community","7","7","2013"
"Community","37","8","2013"
"Community","4","9","2013"
"Community","4","10","2013"
"Community","5","1","2015"
"Community","16","2","2015"
"Community","15","3","2015"
"Community","6","4","2015"
"Community","8","5","2015"
"Community","10","6","2015"
"Community","11","7","2015"
"Community","9","8","2015"
"Community","9","9","2015"
"Community","4","10","2015"
"Community","27","11","2015"
"Community","25","12","2015"
"Community","8","1","2016"
"Community","4","2","2016"
"Community","22","3","2016"
"Community","29","4","2016"
"Community","5","5","2016"
"Community","5","6","2016"
"Community","10","7","2016"
"Community","25","8","2016"
"Crow T Robot","6","5","2014"
"Crow T Robot","126","6","2014"
"Crow T Robot","57","7","2014"
"Crow T Robot","31","8","2014"
"Crow T Robot","6","9","2014"
"Crow T Robot","11","10","2014"
"DA.","4","5","2015"
"DA.","8","6","2015"
"DA.","3","7","2015"
"DA.","4","8","2015"
"DA.","7","9","2015"
"DA.","3","10","2015"
"DA.","5","12","2015"
"DA.","5","1","2016"
"DA.","3","2","2016"
"Dark Army","26","8","2015"
"Dark Army","29","9","2015"
"Dark Army","12","10","2015"
"Dark Army","7","11","2015"
"Dark Army","8","2","2016"
"Dark Army","10","3","2016"
"Dark Army","7","4","2016"
"Dark Army","10","5","2016"
"DarthBotto","5","3","2015"
"DarthBotto","3","4","2015"
"DarthBotto","10","5","2015"
"DarthBotto","5","6","2015"
"davidlumix","3","4","2015"
"davidlumix","4","5","2015"
"davidlumix","3","6","2015"
"dbugger","8","7","2016"
"dbugger","12","8","2016"
"dbugger","4","9","2016"
"Decypher","6","2","2016"
"Decypher","16","3","2016"
"Decypher","8","4","2016"
"DForck42","9","12","2011"
"DForck42","7","1","2012"
"DForck42","7","2","2012"
"DForck42","17","3","2012"
"DForck42","5","4","2012"
"DForck42","18","5","2012"
"DForck42","26","6","2012"
"DForck42","18","7","2012"
"DForck42","8","8","2012"
"DForck42","8","9","2012"
"DForck42","11","10","2012"
"DForck42","17","12","2012"
"DForck42","6","1","2013"
"DForck42","7","2","2013"
"DForck42","8","3","2013"
"DForck42","14","4","2013"
"DForck42","12","5","2013"
"DForck42","14","6","2013"
"DForck42","10","7","2013"
"djmadscribbler","5","4","2013"
"djmadscribbler","7","5","2013"
"djmadscribbler","4","6","2013"
"Dominic G.","11","3","2016"
"Dominic G.","10","4","2016"
"Dominic G.","3","5","2016"
"Drew C","3","2","2016"
"Drew C","3","3","2016"
"Drew C","5","4","2016"
"Drew C","4","5","2016"
"Dr R Dizzle","3","8","2015"
"Dr R Dizzle","7","9","2015"
"Dr R Dizzle","7","10","2015"
"Dr R Dizzle","4","11","2015"
"druciferre","3","5","2013"
"druciferre","7","6","2013"
"druciferre","3","7","2013"
"DustinDavis","3","7","2014"
"DustinDavis","6","8","2014"
"DustinDavis","4","9","2014"
"EdChum","3","2","2015"
"EdChum","13","3","2015"
"EdChum","3","4","2015"
"eYe","9","8","2015"
"eYe","22","9","2015"
"eYe","13","10","2015"
"eYe","7","11","2015"
"eYe","16","1","2016"
"eYe","16","2","2016"
"eYe","23","3","2016"
"eYe","16","4","2016"
"eYe","12","5","2016"
"eYe","3","6","2016"
"FredH","29","5","2013"
"FredH","32","6","2013"
"FredH","3","7","2013"
"Hack-R","3","4","2016"
"Hack-R","5","5","2016"
"Hack-R","5","6","2016"
"iandotkelly","53","12","2011"
"iandotkelly","10","1","2012"
"iandotkelly","4","2","2012"
"iandotkelly","7","3","2012"
"iandotkelly","9","4","2012"
"iandotkelly","6","5","2012"
"iandotkelly","4","6","2012"
"iandotkelly","4","7","2012"
"iandotkelly","8","12","2012"
"iandotkelly","11","1","2013"
"iandotkelly","7","2","2013"
"iandotkelly","5","3","2013"
"iandotkelly","4","9","2013"
"iandotkelly","5","10","2013"
"iandotkelly","4","11","2013"
"iandotkelly","4","4","2014"
"iandotkelly","3","5","2014"
"iandotkelly","6","6","2014"
"inkista","4","5","2015"
"inkista","4","6","2015"
"inkista","4","7","2015"
"Jeff Mahaney","3","12","2013"
"Jeff Mahaney","7","1","2014"
"Jeff Mahaney","12","2","2014"
"Johnny Bones","8","2","2014"
"Johnny Bones","21","3","2014"
"Johnny Bones","8","4","2014"
"Johnny Bones","6","5","2014"
"Johnny Bones","13","6","2014"
"Johnny Bones","17","7","2014"
"Johnny Bones","21","8","2014"
"Johnny Bones","22","9","2014"
"Johnny Bones","25","10","2014"
"Johnny Bones","25","11","2014"
"Johnny Bones","31","12","2014"
"Johnny Bones","28","1","2015"
"Johnny Bones","36","2","2015"
"Johnny Bones","26","3","2015"
"Johnny Bones","20","4","2015"
"Johnny Bones","16","5","2015"
"Johnny Bones","7","6","2015"
"Johnny Bones","12","8","2015"
"Johnny Bones","4","9","2015"
"Johnny Bones","7","10","2015"
"Johnny Bones","3","11","2015"
"Johnny Bones","12","12","2015"
"Johnny Bones","14","1","2016"
"Johnny Bones","24","2","2016"
"Johnny Bones","6","3","2016"
"Johnny Bones","10","4","2016"
"Johnny Bones","7","5","2016"
"Johnny Bones","7","6","2016"
"Johnny Bones","7","7","2016"
"Johnny Bones","14","8","2016"
"Johnny Bones","3","9","2016"
"JohnP","7","11","2013"
"JohnP","8","12","2013"
"JohnP","12","1","2014"
"JohnP","7","2","2014"
"JohnP","10","3","2014"
"JohnP","11","4","2014"
"JohnP","8","5","2014"
"JohnP","8","6","2014"
"John Smith Optional","8","10","2013"
"John Smith Optional","6","11","2013"
"John Smith Optional","18","12","2013"
"John Smith Optional","41","1","2014"
"John Smith Optional","15","2","2014"
"John Smith Optional","12","3","2014"
"John Smith Optional","12","4","2014"
"John Smith Optional","8","5","2014"
"John Smith Optional","23","6","2014"
"John Smith Optional","14","7","2014"
"John Smith Optional","13","8","2014"
"John Smith Optional","12","9","2014"
"John Smith Optional","7","11","2014"
"John Smith Optional","7","12","2014"
"John Smith Optional","10","1","2015"
"John Smith Optional","3","4","2016"
"John Smith Optional","8","5","2016"
"John Smith Optional","5","6","2016"
"John Smith Optional","3","7","2016"
"John Smith Optional","4","8","2016"
"Kevin Howell","7","1","2012"
"Kevin Howell","9","2","2012"
"Kevin Howell","4","3","2012"
"Kevin Howell","3","4","2012"
"Kevin Howell","5","5","2012"
"Kevin Howell","10","6","2012"
"Kevin Howell","9","7","2012"
"Kevin Howell","9","12","2012"
"Kevin Howell","4","1","2013"
"Kevin Howell","3","2","2013"
"Kevin Howell","5","3","2013"
"Kevin Howell","4","5","2014"
"Kevin Howell","8","6","2014"
"Kevin Howell","5","7","2014"
"KeyBrd Basher","9","11","2012"
"KeyBrd Basher","11","12","2012"
"KeyBrd Basher","12","1","2013"
"KeyBrd Basher","5","2","2013"
"KeyBrd Basher","7","3","2013"
"kicker86","9","6","2013"
"kicker86","17","7","2013"
"kicker86","36","8","2013"
"kicker86","19","9","2013"
"kl78","11","8","2015"
"kl78","4","9","2015"
"kl78","3","10","2015"
"kl78","5","11","2015"
"KutuluMike","6","8","2015"
"KutuluMike","9","9","2015"
"KutuluMike","4","10","2015"
"KutuluMike","4","11","2015"
"KutuluMike","13","12","2015"
"KutuluMike","8","1","2016"
"KutuluMike","25","3","2016"
"KutuluMike","22","4","2016"
"KutuluMike","10","5","2016"
"KutuluMike","19","6","2016"
"KutuluMike","7","7","2016"
"KutuluMike","14","8","2016"
"Lelouch Lamperouge","17","12","2011"
"Lelouch Lamperouge","11","1","2012"
"Lelouch Lamperouge","3","2","2012"
"Liath","4","3","2013"
"Liath","6","4","2013"
"Liath","12","5","2013"
"Liath","14","6","2013"
"Liath","18","7","2013"
"Liath","19","8","2013"
"Liath","31","9","2013"
"Liath","12","10","2013"
"Liath","11","11","2013"
"Liath","3","12","2013"
"Liath","7","1","2014"
"Liath","3","2","2014"
"Liath","8","8","2014"
"Liath","3","9","2014"
"Liath","5","10","2014"
"Liath","6","11","2014"
"madmada","4","9","2015"
"madmada","3","10","2015"
"madmada","3","11","2015"
"madmada","8","12","2015"
"madmada","7","1","2016"
"madmada","7","2","2016"
"madmada","6","3","2016"
"madmada","3","4","2016"
"madmada","4","5","2016"
"madmada","11","6","2016"
"madmada","9","7","2016"
"madmada","10","8","2016"
"Mario","3","11","2013"
"Mario","3","12","2013"
"Mario","4","1","2014"
"Mario","3","2","2014"
"Mary","4","7","2016"
"Mary","20","8","2016"
"Mary","3","9","2016"
"MattD","6","8","2013"
"MattD","5","9","2013"
"MattD","4","10","2013"
"MattD","3","11","2013"
"MattD","4","12","2013"
"MattD","9","3","2014"
"MattD","6","4","2014"
"MattD","3","5","2014"
"MattD","23","6","2014"
"MattD","7","7","2014"
"MattD","5","9","2014"
"MattD","3","10","2014"
"MattD","6","11","2014"
"MattD","5","12","2014"
"MattD","9","2","2015"
"MattD","3","3","2015"
"MattD","6","4","2015"
"MattD","4","5","2015"
"mattiav27","5","5","2015"
"mattiav27","3","6","2015"
"mattiav27","9","7","2015"
"mattiav27","3","10","2015"
"mattiav27","3","11","2015"
"mattiav27","7","12","2015"
"Meat Trademark","21","12","2013"
"Meat Trademark","20","1","2014"
"Meat Trademark","8","2","2014"
"Meat Trademark","7","3","2014"
"Meat Trademark","3","4","2014"
"Mehper C. Palavuzlar","8","3","2012"
"Mehper C. Palavuzlar","11","4","2012"
"Mehper C. Palavuzlar","14","5","2012"
"Mike.C.Ford","6","3","2015"
"Mike.C.Ford","3","4","2015"
"Mike.C.Ford","7","5","2015"
"Mistu4u","15","10","2012"
"Mistu4u","30","11","2012"
"Mistu4u","38","12","2012"
"Mistu4u","40","1","2013"
"Mistu4u","9","2","2013"
"MJ6","29","7","2012"
"MJ6","22","8","2012"
"MJ6","14","9","2012"
"MJ6","22","10","2012"
"MJ6","16","11","2012"
"MJ6","9","12","2012"
"MJ6","10","1","2013"
"Mourad","5","5","2015"
"Mourad","14","6","2015"
"Mourad","4","7","2015"
"Napoleon Wilson","12","12","2011"
"Napoleon Wilson","4","1","2012"
"Napoleon Wilson","3","2","2012"
"Napoleon Wilson","3","4","2012"
"Napoleon Wilson","9","5","2012"
"Napoleon Wilson","4","6","2012"
"Napoleon Wilson","3","10","2012"
"Napoleon Wilson","6","11","2012"
"Napoleon Wilson","5","12","2012"
"Napoleon Wilson","8","1","2013"
"Napoleon Wilson","6","3","2013"
"Napoleon Wilson","6","4","2013"
"Napoleon Wilson","5","5","2013"
"Napoleon Wilson","11","6","2013"
"Napoleon Wilson","14","7","2013"
"Napoleon Wilson","23","8","2013"
"Napoleon Wilson","13","9","2013"
"Napoleon Wilson","35","10","2013"
"Napoleon Wilson","21","11","2013"
"Napoleon Wilson","13","12","2013"
"Napoleon Wilson","18","1","2014"
"Napoleon Wilson","13","2","2014"
"Napoleon Wilson","22","3","2014"
"Napoleon Wilson","17","4","2014"
"Napoleon Wilson","28","5","2014"
"Napoleon Wilson","24","6","2014"
"Napoleon Wilson","14","7","2014"
"Napoleon Wilson","61","8","2014"
"Napoleon Wilson","32","9","2014"
"Napoleon Wilson","23","10","2014"
"Napoleon Wilson","30","11","2014"
"Napoleon Wilson","18","12","2014"
"Napoleon Wilson","14","1","2015"
"Napoleon Wilson","10","2","2015"
"Napoleon Wilson","13","3","2015"
"Napoleon Wilson","16","4","2015"
"Napoleon Wilson","8","5","2015"
"Napoleon Wilson","9","6","2015"
"Napoleon Wilson","15","7","2015"
"Napoleon Wilson","15","8","2015"
"Napoleon Wilson","12","9","2015"
"Napoleon Wilson","6","10","2015"
"Napoleon Wilson","8","11","2015"
"Napoleon Wilson","5","12","2015"
"Napoleon Wilson","14","1","2016"
"Napoleon Wilson","3","2","2016"
"Napoleon Wilson","4","3","2016"
"Napoleon Wilson","3","4","2016"
"Napoleon Wilson","37","5","2016"
"Napoleon Wilson","84","6","2016"
"Napoleon Wilson","6","7","2016"
"Napoleon Wilson","7","8","2016"
"Nobby","12","12","2011"
"Nobby","19","1","2012"
"Nobby","11","2","2012"
"Nobby","13","3","2012"
"Nobby","18","4","2012"
"Nobby","3","5","2012"
"Nobby","8","6","2012"
"Nobby","21","7","2012"
"Nobby","19","12","2012"
"Nobby","20","1","2013"
"Nobby","10","2","2013"
"Nobby","9","3","2013"
"Nobby","9","5","2013"
"Nobby","3","6","2013"
"Nobby","8","7","2013"
"Nobby","6","8","2013"
"Nobby","5","10","2013"
"Nobby","6","11","2013"
"Nobby","12","12","2013"
"Nobby","4","1","2014"
"Often Right","8","8","2015"
"Often Right","3","9","2015"
"Often Right","3","10","2015"
"Oliver_C","6","7","2012"
"Oliver_C","18","8","2012"
"Oliver_C","19","9","2012"
"Oliver_C","20","10","2012"
"Oliver_C","14","11","2012"
"Oliver_C","31","12","2012"
"Oliver_C","30","1","2013"
"Oliver_C","17","2","2013"
"Oliver_C","7","3","2013"
"Oliver_C","9","4","2013"
"Oliver_C","4","8","2013"
"Oliver_C","3","9","2013"
"Oliver_C","5","10","2013"
"Oliver_C","4","11","2013"
"Oliver_C","7","12","2013"
"Oliver_C","8","1","2014"
"onewho","7","7","2015"
"onewho","6","8","2015"
"onewho","3","9","2015"
"Origin","20","10","2012"
"Origin","7","11","2012"
"Origin","5","12","2012"
"Panther","19","7","2015"
"Panther","29","8","2015"
"Panther","9","9","2015"
"Pesetas74","3","7","2015"
"Pesetas74","5","8","2015"
"Pesetas74","5","9","2015"
"Pesetas74","4","10","2015"
"pori","3","5","2016"
"pori","14","6","2016"
"pori","7","7","2016"
"pori","3","8","2016"
"PriestVallon","5","1","2013"
"PriestVallon","4","2","2013"
"PriestVallon","5","3","2013"
"Pᴀᴜʟsᴛᴇʀ2","20","7","2013"
"Pᴀᴜʟsᴛᴇʀ2","33","8","2013"
"Pᴀᴜʟsᴛᴇʀ2","12","9","2013"
"Pᴀᴜʟsᴛᴇʀ2","20","10","2013"
"Pᴀᴜʟsᴛᴇʀ2","5","11","2013"
"Pᴀᴜʟsᴛᴇʀ2","11","12","2013"
"Pᴀᴜʟsᴛᴇʀ2","4","1","2014"
"Pᴀᴜʟsᴛᴇʀ2","4","2","2014"
"Pᴀᴜʟsᴛᴇʀ2","10","3","2014"
"Pᴀᴜʟsᴛᴇʀ2","4","4","2014"
"Pᴀᴜʟsᴛᴇʀ2","6","5","2014"
"Pᴀᴜʟsᴛᴇʀ2","5","6","2014"
"rand al'thor","3","2","2016"
"rand al'thor","4","3","2016"
"rand al'thor","7","4","2016"
"rand al'thor","6","5","2016"
"rand al'thor","13","6","2016"
"rand al'thor","4","7","2016"
"rand al'thor","19","8","2016"
"ray","13","4","2012"
"ray","4","5","2012"
"ray","3","6","2012"
"Roshnal","7","12","2011"
"Roshnal","6","1","2012"
"Roshnal","3","2","2012"
"rumandwrite","12","1","2014"
"rumandwrite","24","2","2014"
"rumandwrite","35","3","2014"
"sanpaco","17","11","2015"
"sanpaco","31","12","2015"
"sanpaco","8","1","2016"
"sanpaco","25","2","2016"
"sanpaco","8","3","2016"
"sanpaco","12","4","2016"
"Shiz Z.","3","5","2012"
"Shiz Z.","8","6","2012"
"Shiz Z.","5","7","2012"
"Shiz Z.","6","8","2012"
"Shiz Z.","6","9","2012"
"Shiz Z.","3","7","2013"
"Shiz Z.","5","8","2013"
"Shiz Z.","3","9","2013"
"Shiz Z.","4","10","2013"
"Shiz Z.","5","11","2013"
"Shiz Z.","4","1","2014"
"Shiz Z.","4","2","2014"
"Shiz Z.","4","3","2014"
"Shiz Z.","3","11","2014"
"Shiz Z.","5","12","2014"
"Shiz Z.","4","1","2015"
"Shiz Z.","5","3","2015"
"Shiz Z.","3","4","2015"
"Shiz Z.","4","5","2015"
"Shrilekha","3","5","2015"
"Shrilekha","3","6","2015"
"Shrilekha","3","7","2015"
"Skooba","4","5","2016"
"Skooba","8","6","2016"
"Skooba","6","7","2016"
"Skooba","3","8","2016"
"Somnath Muluk","9","12","2012"
"Somnath Muluk","14","1","2013"
"Somnath Muluk","3","2","2013"
"steelerfan","4","7","2015"
"steelerfan","25","8","2015"
"steelerfan","18","9","2015"
"steelerfan","16","10","2015"
"steelerfan","9","11","2015"
"steelerfan","21","12","2015"
"steelerfan","8","1","2016"
"steelerfan","4","5","2016"
"steelerfan","3","6","2016"
"steelerfan","8","7","2016"
"steelerfan","29","8","2016"
"Stefan","20","6","2012"
"Stefan","13","7","2012"
"Stefan","7","8","2012"
"Stefan","6","9","2012"
"Stefan","3","10","2012"
"Stefan","8","11","2012"
"Stefan","6","12","2012"
"Stefan","6","1","2013"
"Stefan","5","2","2013"
"Stefan","4","3","2013"
"Stefan","7","5","2013"
"Stefan","3","6","2013"
"Stefan","3","7","2013"
"Stefan","7","8","2013"
"Stefan","4","9","2013"
"Stefan","6","10","2013"
"Stefan","4","11","2013"
"Stefan","3","12","2013"
"Stefan","5","1","2014"
"Stefan","3","2","2014"
"Stefan","4","3","2014"
"Stefan","3","4","2014"
"stevvve","11","5","2012"
"stevvve","13","6","2012"
"stevvve","10","7","2012"
"Swan","6","4","2016"
"Swan","12","5","2016"
"Swan","11","6","2016"
"Synetech","3","5","2012"
"Synetech","5","6","2012"
"Synetech","5","7","2012"
"Synetech","4","8","2012"
"System Down","4","10","2012"
"System Down","3","11","2012"
"System Down","3","12","2012"
"System Down","3","1","2013"
"System Down","6","3","2013"
"System Down","6","4","2013"
"System Down","7","5","2013"
"System Down","12","6","2013"
"System Down","6","7","2013"
"System Down","9","8","2013"
"System Down","7","9","2013"
"System Down","7","10","2013"
"System Down","3","11","2013"
"System Down","9","12","2013"
"System Down","5","1","2014"
"System Down","6","2","2014"
"System Down","10","4","2014"
"System Down","3","5","2014"
"System Down","10","6","2014"
"System Down","3","7","2014"
"System Down","3","8","2014"
"System Down","3","11","2014"
"System Down","8","12","2014"
"System Down","5","1","2015"
"System Down","3","2","2015"
"System Down","12","3","2015"
"System Down","12","4","2015"
"System Down","5","5","2015"
"ThinkingMedia","8","4","2012"
"ThinkingMedia","5","5","2012"
"ThinkingMedia","8","6","2012"
"ThinkingMedia","11","11","2012"
"ThinkingMedia","9","12","2012"
"ThinkingMedia","16","1","2013"
"ThinkingMedia","5","2","2013"
"ThinkingMedia","3","3","2013"
"ThinkingMedia","6","4","2013"
"ThinkingMedia","8","5","2013"
"Thunderforge","8","2","2016"
"Thunderforge","7","3","2016"
"Thunderforge","8","4","2016"
"Thunderforge","11","6","2016"
"Thunderforge","5","7","2016"
"Thunderforge","7","8","2016"
"Tivep","28","12","2014"
"Tivep","4","1","2015"
"Tivep","11","2","2015"
"Tivep","10","3","2015"
"Tivep","3","5","2015"
"Tivep","9","6","2015"
"Tivep","7","7","2015"
"Tivep","3","12","2015"
"Tivep","10","1","2016"
"Tivep","4","2","2016"
"Tivep","4","3","2016"
"Tom","8","8","2013"
"Tom","4","9","2013"
"Tom","3","10","2013"
"Travis","3","7","2013"
"Travis","3","8","2013"
"Travis","3","9","2013"
"Travis","14","10","2013"
"Trish Ling","6","10","2014"
"Trish Ling","12","11","2014"
"Trish Ling","17","12","2014"
"Trish Ling","27","1","2015"
"Trish Ling","12","2","2015"
"Trish Ling","16","3","2015"
"Trish Ling","4","4","2015"
"Tyler Durden","3","6","2016"
"Tyler Durden","3","7","2016"
"Tyler Durden","3","8","2016"
"TylerShads","19","12","2011"
"TylerShads","15","1","2012"
"TylerShads","5","2","2012"
"TylerShads","20","4","2012"
"TylerShads","19","5","2012"
"TylerShads","14","6","2012"
"TylerShads","15","7","2012"
"TylerShads","4","10","2012"
"TylerShads","6","11","2012"
"TylerShads","20","12","2012"
"TylerShads","7","1","2013"
"TylerShads","12","2","2013"
"TylerShads","6","3","2013"
"TylerShads","6","4","2013"
"TylerShads","6","5","2013"
"TylerShads","11","6","2013"
"TylerShads","7","7","2013"
"TylerShads","7","8","2013"
"TylerShads","3","9","2013"
"user5603","6","11","2012"
"user5603","5","12","2012"
"user5603","4","1","2013"
"user5603","8","2","2013"
"user5603","6","4","2013"
"user5603","15","5","2013"
"user5603","7","6","2013"
"user5603","17","3","2015"
"user5603","48","4","2015"
"user5603","80","5","2015"
"user568458","3","4","2016"
"user568458","4","5","2016"
"user568458","6","6","2016"
"user568458","4","7","2016"
"Vedran Šego","10","9","2013"
"Vedran Šego","10","10","2013"
"Vedran Šego","15","11","2013"
"Vedran Šego","5","12","2013"
"Vedran Šego","6","1","2014"
"Verge","9","12","2011"
"Verge","4","1","2012"
"Verge","4","2","2012"
"Vicpylon","5","1","2016"
"Vicpylon","4","2","2016"
"Vicpylon","4","3","2016"
"Vijin Paulraj","11","2","2012"
"Vijin Paulraj","15","3","2012"
"Vijin Paulraj","15","4","2012"
"Vijin Paulraj","6","5","2012"
"Vijin Paulraj","19","6","2012"
"Vijin Paulraj","18","7","2012"
"Vijin Paulraj","4","8","2012"
"Vijin Paulraj","6","9","2012"
"wallyk","14","5","2013"
"wallyk","21","6","2013"
"wallyk","7","7","2013"
"wallyk","4","8","2013"
"Walt","23","4","2014"
"Walt","51","5","2014"
"Walt","54","6","2014"
"Walt","48","7","2014"
"Walt","52","8","2014"
"Walt","41","9","2014"
"Walt","66","10","2014"
"Walt","67","11","2014"
"Walt","47","12","2014"
"Walt","29","1","2015"
"Walt","51","2","2015"
"Walt","67","3","2015"
"Walt","37","4","2015"
"Walt","45","5","2015"
"Walt","34","6","2015"
"Walt","59","7","2015"
"Walt","55","8","2015"
"Walt","37","9","2015"
"Walt","56","10","2015"
"Walt","48","11","2015"
"Walt","56","12","2015"
"Walt","40","1","2016"
"Walt","38","2","2016"
"Walt","32","3","2016"
"Walt","27","4","2016"
"Walt","20","5","2016"
"Walt","10","6","2016"
"Walt","23","7","2016"
"Walt","32","8","2016"
"wbogacz","9","1","2012"
"wbogacz","13","2","2012"
"wbogacz","10","3","2012"
"wbogacz","7","4","2012"
"wbogacz","4","5","2012"
"wbogacz","8","6","2012"
"wbogacz","8","7","2012"
"wbogacz","74","8","2012"
"wbogacz","29","9","2012"
"wbogacz","8","10","2012"
"wbogacz","5","12","2012"
"wbogacz","5","1","2013"
"wbogacz","3","2","2013"
"wbogacz","4","3","2013"
"wbogacz","4","4","2013"
"Will Feldman","13","3","2013"
"Will Feldman","9","4","2013"
"Will Feldman","4","5","2013"
"Will Feldman","4","6","2013"
"Will Feldman","5","7","2013"
"Will Feldman","8","8","2013"
"Will Feldman","5","9","2013"
"Will Feldman","6","10","2013"
"Will Feldman","6","11","2013"
"Will Feldman","8","12","2013"
"Will Feldman","9","1","2014"
"Will Feldman","5","2","2014"
"Will Feldman","6","3","2014"
"Will Feldman","10","4","2014"
"Will Feldman","3","5","2014"
"Will Feldman","7","7","2014"
"Will Feldman","3","8","2014"
"Will Feldman","10","9","2014"
"Will Feldman","9","10","2014"
"Will Feldman","3","11","2014"
"Will Feldman","4","12","2014"
"Will Feldman","3","1","2015"
"Will Feldman","5","2","2015"
"Will Feldman","3","9","2015"
"Will Feldman","3","10","2015"
"Will Feldman","4","11","2015"
"Yetisasquatch Alienbeliever","3","1","2016"
"Yetisasquatch Alienbeliever","3","2","2016"
"Yetisasquatch Alienbeliever","9","3","2016"
"Yetisasquatch Alienbeliever","6","4","2016"